{
  "timestamp": "2020-03-25 10:37:44",
  "total": {
    "id": "total",
    "jpy": 11788,
    "btc": 0.021122,
    "btc_as_jpy": 15669,
    "total_jpy": 27457
  },
  "coincheck": {
    "id": "coincheck",
    "jpy": 6440,
    "btc": 0.010122,
    "btc_as_jpy": 7508,
    "total_jpy": 13948,
    "bid": 741773.0,
    "ask": 742217.0
  },
  "liquid": {
    "id": "liquid",
    "jpy": 5348,
    "btc": 0.011,
    "btc_as_jpy": 8161,
    "total_jpy": 13509,
    "bid": 741990.0,
    "ask": 742097.0
  }
}