{
  "timestamp": "2020-03-30 22:45:58",
  "total": {
    "id": "total",
    "jpy": 10759,
    "btc": 0.021346,
    "btc_as_jpy": 14634,
    "total_jpy": 25393
  },
  "coincheck": {
    "id": "coincheck",
    "jpy": 5820,
    "btc": 0.010346,
    "btc_as_jpy": 7090,
    "total_jpy": 12910,
    "bid": 685324.0,
    "ask": 685822.0
  },
  "liquid": {
    "id": "liquid",
    "jpy": 4939,
    "btc": 0.011,
    "btc_as_jpy": 7544,
    "total_jpy": 12483,
    "bid": 685906.0,
    "ask": 685979.0
  }
}