{
  "timestamp": "2020-03-25 03:37:36",
  "total": {
    "id": "total",
    "jpy": 11776,
    "btc": 0.021338,
    "btc_as_jpy": 15831,
    "total_jpy": 27607
  },
  "coincheck": {
    "id": "coincheck",
    "jpy": 6383,
    "btc": 0.010338,
    "btc_as_jpy": 7669,
    "total_jpy": 14052,
    "bid": 741906.0,
    "ask": 742337.0
  },
  "liquid": {
    "id": "liquid",
    "jpy": 5393,
    "btc": 0.011,
    "btc_as_jpy": 8162,
    "total_jpy": 13555,
    "bid": 742031.0,
    "ask": 742462.0
  }
}