{
  "timestamp": "2020-03-26 00:16:50",
  "total": {
    "id": "total",
    "jpy": 11184,
    "btc": 0.021262,
    "btc_as_jpy": 15764,
    "total_jpy": 26948
  },
  "coincheck": {
    "id": "coincheck",
    "jpy": 6145,
    "btc": 0.010262,
    "btc_as_jpy": 7606,
    "total_jpy": 13751,
    "bid": 741270.0,
    "ask": 741592.0
  },
  "liquid": {
    "id": "liquid",
    "jpy": 5039,
    "btc": 0.011,
    "btc_as_jpy": 8158,
    "total_jpy": 13197,
    "bid": 741689.0,
    "ask": 741788.0
  }
}