{
  "timestamp": "2020-03-25 16:47:46",
  "total": {
    "id": "total",
    "jpy": 11046,
    "btc": 0.022082,
    "btc_as_jpy": 16407,
    "total_jpy": 27453
  },
  "coincheck": {
    "id": "coincheck",
    "jpy": 5715,
    "btc": 0.011082,
    "btc_as_jpy": 8233,
    "total_jpy": 13948,
    "bid": 742997.0,
    "ask": 743673.0
  },
  "liquid": {
    "id": "liquid",
    "jpy": 5331,
    "btc": 0.011,
    "btc_as_jpy": 8174,
    "total_jpy": 13505,
    "bid": 743107.0,
    "ask": 743313.0
  }
}