{
  "timestamp": "2020-05-05 15:43:01",
  "total": {
    "id": "total",
    "jpy": 15590,
    "btc": 0.017259,
    "btc_as_jpy": 16588,
    "total_jpy": 32178
  },
  "coincheck": {
    "id": "coincheck",
    "jpy": 4920,
    "btc": 0.011359,
    "btc_as_jpy": 10919,
    "total_jpy": 15839,
    "bid": 961328.0,
    "ask": 961789.0
  },
  "liquid": {
    "id": "liquid",
    "jpy": 10670,
    "btc": 0.0059,
    "btc_as_jpy": 5669,
    "total_jpy": 16339,
    "bid": 960928.0,
    "ask": 961173.0
  }
}