{
  "timestamp": "2020-04-21 21:59:21",
  "total": {
    "id": "total",
    "jpy": 9760,
    "btc": 0.022328,
    "btc_as_jpy": 16426,
    "total_jpy": 26186
  },
  "coincheck": {
    "id": "coincheck",
    "jpy": 9179,
    "btc": 0.005828,
    "btc_as_jpy": 4288,
    "total_jpy": 13467,
    "bid": 735800.0,
    "ask": 735989.0
  },
  "liquid": {
    "id": "liquid",
    "jpy": 581,
    "btc": 0.0165,
    "btc_as_jpy": 12138,
    "total_jpy": 12719,
    "bid": 735837.0,
    "ask": 736009.0
  }
}