{
  "timestamp": "2020-04-21 09:31:44",
  "total": {
    "id": "total",
    "jpy": 10090,
    "btc": 0.021924,
    "btc_as_jpy": 16304,
    "total_jpy": 26394
  },
  "coincheck": {
    "id": "coincheck",
    "jpy": 5447,
    "btc": 0.010924,
    "btc_as_jpy": 8124,
    "total_jpy": 13571,
    "bid": 743717.0,
    "ask": 744108.0
  },
  "liquid": {
    "id": "liquid",
    "jpy": 4643,
    "btc": 0.011,
    "btc_as_jpy": 8180,
    "total_jpy": 12823,
    "bid": 743715.0,
    "ask": 743910.0
  }
}