{
  "timestamp": "2020-04-21 00:32:36",
  "total": {
    "id": "total",
    "jpy": 10207,
    "btc": 0.021879,
    "btc_as_jpy": 16747,
    "total_jpy": 26954
  },
  "coincheck": {
    "id": "coincheck",
    "jpy": 5411,
    "btc": 0.010879,
    "btc_as_jpy": 8330,
    "total_jpy": 13741,
    "bid": 765728.0,
    "ask": 765882.0
  },
  "liquid": {
    "id": "liquid",
    "jpy": 4796,
    "btc": 0.011,
    "btc_as_jpy": 8417,
    "total_jpy": 13213,
    "bid": 765185.0,
    "ask": 765193.0
  }
}