{
  "timestamp": "2020-05-07 07:05:54",
  "total": {
    "id": "total",
    "jpy": 13792,
    "btc": 0.024299,
    "btc_as_jpy": 24005,
    "total_jpy": 37797
  },
  "coincheck": {
    "id": "coincheck",
    "jpy": 6995,
    "btc": 0.012299,
    "btc_as_jpy": 12150,
    "total_jpy": 19145,
    "bid": 987896.0,
    "ask": 988154.0
  },
  "liquid": {
    "id": "liquid",
    "jpy": 6797,
    "btc": 0.012,
    "btc_as_jpy": 11855,
    "total_jpy": 18652,
    "bid": 987985.0,
    "ask": 987990.0
  }
}