{
  "timestamp": "2020-04-04 07:12:36",
  "total": {
    "id": "total",
    "jpy": 10207,
    "btc": 0.021879,
    "btc_as_jpy": 16029,
    "total_jpy": 26236
  },
  "coincheck": {
    "id": "coincheck",
    "jpy": 5411,
    "btc": 0.010879,
    "btc_as_jpy": 7969,
    "total_jpy": 13380,
    "bid": 732556.0,
    "ask": 732993.0
  },
  "liquid": {
    "id": "liquid",
    "jpy": 4796,
    "btc": 0.011,
    "btc_as_jpy": 8060,
    "total_jpy": 12856,
    "bid": 732765.0,
    "ask": 733077.0
  }
}