{
  "timestamp": "2020-04-03 09:27:16",
  "total": {
    "id": "total",
    "jpy": 10089,
    "btc": 0.022345,
    "btc_as_jpy": 16346,
    "total_jpy": 26435
  },
  "coincheck": {
    "id": "coincheck",
    "jpy": 5150,
    "btc": 0.011345,
    "btc_as_jpy": 8300,
    "total_jpy": 13450,
    "bid": 731601.0,
    "ask": 731893.0
  },
  "liquid": {
    "id": "liquid",
    "jpy": 4939,
    "btc": 0.011,
    "btc_as_jpy": 8046,
    "total_jpy": 12985,
    "bid": 731591.0,
    "ask": 731661.0
  }
}