{
  "timestamp": "2020-05-07 00:08:42",
  "total": {
    "id": "total",
    "jpy": 13823,
    "btc": 0.024282,
    "btc_as_jpy": 23805,
    "total_jpy": 37628
  },
  "coincheck": {
    "id": "coincheck",
    "jpy": 7015,
    "btc": 0.012282,
    "btc_as_jpy": 12038,
    "total_jpy": 19053,
    "bid": 980196.0,
    "ask": 980599.0
  },
  "liquid": {
    "id": "liquid",
    "jpy": 6808,
    "btc": 0.012,
    "btc_as_jpy": 11767,
    "total_jpy": 18575,
    "bid": 980653.0,
    "ask": 980890.0
  }
}