{
  "coincheck": {
    "jpy": 5843,
    "btc": 0.010038,
    "bid": 580606.0,
    "ask": 581376.0
  },
  "liquid": {
    "jpy": 5744,
    "btc": 0.011,
    "bid": 580114.0,
    "ask": 580140.0
  },
  "total": {
    "jpy": 11587,
    "btc": 0.021038,
    "total_jpy": 0
  }
}
