{
  "timestamp": "2020-03-18 09:04:57",
  "total": {
    "id": "total",
    "jpy": 11587,
    "btc": 0.021038,
    "btc_as_jpy": 12209.377,
    "total_jpy": 23796.377
  },
  "coincheck": {
    "id": "coincheck",
    "jpy": 5843,
    "btc": 0.010038,
    "bid": 580606.0,
    "ask": 581376.0,
    "btc_as_jpy": 5828.123,
    "total_jpy": 11671.123
  },
  "liquid": {
    "id": "liquid",
    "jpy": 5744,
    "btc": 0.011,
    "btc_as_jpy": 6381.254,
    "total_jpy": 12125.254,
    "bid": 580114.0,
    "ask": 580140.0
  }
}
