{
  "timestamp": "2020-03-18 03:12:36",
  "coincheck": {
    "jpy": 5496,
    "btc": 0.010948,
    "bid": 583922.0,
    "ask": 583957.0
  },
  "liquid": {
    "jpy": 5910,
    "btc": 0.011,
    "bid": 583063.0,
    "ask": 583119.0
  },
  "total": {
    "jpy": 11406,
    "btc": 0.021948,
    "total_jpy": 0
  }
}
